{ "1" : 0.19655, "2" : [2.61, 0.19011, 0.25154,  0.29844], "3" : [2.61, 0.38282, 0.25452, 0.18664], "4" : [5.58, 17.24, 0.18139, 0.18599, 0.19086, 0.19595], "5" : [5.58, 12.87, 5.67,0.24360, 0.18066, 0.11813], "cond2" : [11, 300, 301, 750, 751], "cond4": [1, 10000, 10000.1, 30000, 30000.1, 50000, 51,000.1] }