{
  "1": 0.15135,
  "2": [3.15, 0.14413, 0.20732, 0.30657],
  "3": [3.05, 0.37591, 0.17853, 0.106],
  "4": [5.65, 17.97, 0.13527, 0.14128, 0.15293, 0.16436],
  "5": [5.66, 0.26451, 0.14343, 0.07891, 18.22, 2.63, 2.63],
  "cond2": [11, 301, 301.1, 750, 750.1],
  "cond4": [0, 10000, 10001, 30000, 30001, 50000, 50001]
  
}
